Year,Country,Fraction
0,Albania,0.7150818044946655
1,Albania,0.5094652962702456
2,Albania,0.416602366966608
3,Albania,0.36550500876609887
4,Albania,0.4095896406437385
5,Albania,0.38779379479098597
6,Albania,0.3799091770117416
7,Albania,0.3925713079460086
8,Albania,0.5573493467289157
9,Albania,0.6347384252752662
10,Albania,0.8258119445616452
11,Albania,0.9142870880608618
12,Albania,0.8779471399759311
0,Algeria,0.7919605573561838
1,Algeria,0.5496613876318841
2,Algeria,0.24900398946940297
3,Algeria,0.1961532324211084
4,Algeria,0.2702221753253442
5,Algeria,0.3081780352233916
6,Algeria,0.3666384102455726
7,Algeria,0.5491953875766954
8,Algeria,0.5540870955239315
9,Algeria,0.7505503238658521
10,Algeria,0.9338201338301136
11,Algeria,1.0253781158879607
12,Algeria,1.0240491697538614
0,Angola,0.9342627967200342
1,Angola,0.6869392415693935
2,Angola,0.6824291639014115
3,Angola,0.5317513206277954
4,Angola,0.5286869442704857
5,Angola,0.5301256679064882
6,Angola,0.6269941714257333
7,Angola,0.7300044877189988
8,Angola,0.8841231240992115
9,Angola,0.9568815241711838
10,Angola,1.0436835815106003
11,Angola,1.1019276825588904
12,Angola,0.8965279244634017
0,Argentina,0.6178490783334624
1,Argentina,0.48677932624771475
2,Argentina,0.38288681065899316
3,Argentina,0.37455905784625354
4,Argentina,0.33663339455067565
5,Argentina,0.37403504834427787
6,Argentina,0.39527322739848203
7,Argentina,0.4676023601823638
8,Argentina,0.510766294731502
9,Argentina,0.6175919495867701
10,Argentina,0.752990298080979
11,Argentina,0.838980003811728
12,Argentina,0.885937744282495
0,Aruba,0.5534382314728499
1,Aruba,0.08301151770827542
2,Aruba,0.0771620882147851
3,Aruba,0.07401605105519712
4,Aruba,0.12463165248504852
5,Aruba,0.17353181276855145
6,Aruba,0.21914160504670704
7,Aruba,0.2636983676243528
8,Aruba,0.543951363981734
9,Aruba,0.6400301756600288
10,Aruba,0.8592991773749291
11,Aruba,0.9720294797590239
12,Aruba,1.0165828339943401
0,Australia,0.7799691631537287
1,Australia,0.4025828798021754
2,Australia,0.3222716172754265
3,Australia,0.3176429939886947
4,Australia,0.2983624658000437
5,Australia,0.3187001391641565
6,Australia,0.3893246577108022
7,Australia,0.5288792666695534
8,Australia,0.6785531418025288
9,Australia,0.7276022766144267
10,Australia,0.8546588657998476
11,Australia,0.9264714064952468
12,Australia,0.9393712907705314
0,Austria,0.7392928209184354
1,Austria,0.8047544651530711
2,Austria,0.7411088067620478
3,Austria,0.6807182163555335
4,Austria,0.6395186011373566
5,Austria,0.6100198154567287
6,Austria,0.5507025291002665
7,Austria,0.5112353212890018
8,Austria,0.5422428703782219
9,Austria,0.6786683989783999
10,Austria,0.8932757158718471
11,Austria,0.9617783879647036
12,Austria,0.9964917618502085
0,Azerbaijan,0.49895343434902134
1,Azerbaijan,0.1752486191787563
2,Azerbaijan,0.16826888926364555
3,Azerbaijan,0.22680542519622346
4,Azerbaijan,0.2975307964848351
5,Azerbaijan,0.3522558142178745
6,Azerbaijan,0.4960249101932399
7,Azerbaijan,0.6951278758640547
8,Azerbaijan,0.6845325048187239
9,Azerbaijan,0.8580904209078147
10,Azerbaijan,0.8286827881254499
11,Azerbaijan,0.940127978459463
12,Azerbaijan,0.9791025457194421
0,Bangladesh,0.624280677115724
1,Bangladesh,0.2676873994185425
2,Bangladesh,0.26375117893207695
3,Bangladesh,0.24935906746273206
4,Bangladesh,0.2883516043433218
5,Bangladesh,0.3246114428200634
6,Bangladesh,0.46512028239573366
7,Bangladesh,0.664164474365216
8,Bangladesh,0.7638576220831056
9,Bangladesh,0.7238269021341016
10,Bangladesh,0.9122913717685638
11,Bangladesh,0.8344346224106751
12,Bangladesh,1.0901153144791171
0,Barbados,0.5640747015491191
1,Barbados,0.11138302947621018
2,Barbados,0.07563620581114198
3,Barbados,0.060504221553930676
4,Barbados,0.09477723431244263
5,Barbados,0.1344936033162561
6,Barbados,0.2620868008727843
7,Barbados,0.2740290793031737
8,Barbados,0.5274926141104183
9,Barbados,0.5729486200874163
10,Barbados,0.9030645301509805
11,Barbados,1.1507796290912324
12,Barbados,0.9929183825933332
0,Belarus,0.9155951024974907
1,Belarus,0.7894883178286862
2,Belarus,0.9639718815191808
3,Belarus,1.065407477187465
4,Belarus,0.9830260505845247
5,Belarus,0.9991711232247243
6,Belarus,1.1815443321738475
7,Belarus,0.99895127080485
8,Belarus,0.8322253387237818
9,Belarus,1.2842435411926079
10,Belarus,1.2664951373896383
11,Belarus,1.3002387975612943
12,Belarus,1.2201458742772555
0,Belgium,0.8485666957888852
1,Belgium,0.6900225831008749
2,Belgium,0.7021938614689476
3,Belgium,0.728614866744641
4,Belgium,0.6597320990202643
5,Belgium,0.5943530686160952
6,Belgium,0.683643362886626
7,Belgium,0.6043113704032701
8,Belgium,0.6062186618769578
9,Belgium,0.9193132271554036
10,Belgium,0.995179277640309
11,Belgium,0.9970668195760496
12,Belgium,1.0279596584574102
0,Bermuda,0.8324824687226514
1,Bermuda,0.5347518184549239
2,Bermuda,0.43398735340235084
3,Bermuda,0.3672531362000865
4,Bermuda,0.32808384585221306
5,Bermuda,0.29455322130210193
6,Bermuda,0.30201654650914017
7,Bermuda,0.3962897251322085
8,Bermuda,0.5480185086382574
9,Bermuda,0.6854437263456108
10,Bermuda,0.8166969001647097
11,Bermuda,0.8718699128469996
12,Bermuda,0.8137289767347327
0,Bolivia,0.5469103329708471
1,Bolivia,0.3862962391867267
2,Bolivia,0.41571278120663924
3,Bolivia,0.4170150720523514
4,Bolivia,0.4574791013180234
5,Bolivia,0.5233882268042567
6,Bolivia,0.6247666650537314
7,Bolivia,0.7021158580458167
8,Bolivia,0.7646935652726158
9,Bolivia,0.8960765412359093
10,Bolivia,0.8866064494472597
11,Bolivia,0.9263904579220892
12,Bolivia,0.7914887387097153
0,"Bonaire, Sint Eustatius and Saba",0.5476882767514054
1,"Bonaire, Sint Eustatius and Saba",0.08077038282177917
2,"Bonaire, Sint Eustatius and Saba",0.07060039548082728
3,"Bonaire, Sint Eustatius and Saba",0.0703248599115072
4,"Bonaire, Sint Eustatius and Saba",0.13317389850931402
5,"Bonaire, Sint Eustatius and Saba",0.18302747075931006
6,"Bonaire, Sint Eustatius and Saba",0.24707779579152855
7,"Bonaire, Sint Eustatius and Saba",0.2957029835485606
8,"Bonaire, Sint Eustatius and Saba",0.5762720070054755
9,"Bonaire, Sint Eustatius and Saba",0.6877011734016443
10,"Bonaire, Sint Eustatius and Saba",0.8985717135405701
11,"Bonaire, Sint Eustatius and Saba",0.9900970815229476
12,"Bonaire, Sint Eustatius and Saba",1.0105245884329215
0,Bosnia and Herzegovina,0.6806779101128835
1,Bosnia and Herzegovina,0.3919239324086534
2,Bosnia and Herzegovina,0.3617833458550514
3,Bosnia and Herzegovina,0.3617986711058885
4,Bosnia and Herzegovina,0.31962201099348625
5,Bosnia and Herzegovina,0.4041887274370491
6,Bosnia and Herzegovina,0.37310746079538
7,Bosnia and Herzegovina,0.3953036446451368
8,Bosnia and Herzegovina,0.5455180439525524
9,Bosnia and Herzegovina,0.6781070340813697
10,Bosnia and Herzegovina,0.9649161997943033
11,Bosnia and Herzegovina,0.9677193351715658
12,Bosnia and Herzegovina,0.9905898752729744
0,Brazil,0.4860557144649556
1,Brazil,0.362997160699228
2,Brazil,0.37918477851201526
3,Brazil,0.40966835025393666
4,Brazil,0.41045881275434737
5,Brazil,0.5212977335102159
6,Brazil,0.577731457846137
7,Brazil,0.7164780653943694
8,Brazil,0.8578558766988944
9,Brazil,1.0583131054259638
10,Brazil,1.04287609664117
11,Brazil,0.9668918713405459
12,Brazil,0.9965540837635515
0,Bulgaria,0.7588059650894261
1,Bulgaria,0.4110481196898009
2,Bulgaria,0.4321345434094539
3,Bulgaria,0.5331188781674969
4,Bulgaria,0.5086015806976178
5,Bulgaria,0.6439480349953369
6,Bulgaria,0.6907104744950533
7,Bulgaria,0.7336424199902083
8,Bulgaria,0.7942812300700048
9,Bulgaria,0.8297133816447193
10,Bulgaria,0.94196367094122
11,Bulgaria,0.9282084584384236
12,Bulgaria,0.8901383930471536
0,Cabo Verde,0.9820070082381867
1,Cabo Verde,0.19977469581945925
2,Cabo Verde,0.1289441725691914
3,Cabo Verde,0.12853971685830434
4,Cabo Verde,0.1812479031803875
5,Cabo Verde,0.2060455539386935
6,Cabo Verde,0.23406265981891267
7,Cabo Verde,0.3297258596391075
8,Cabo Verde,0.550984108380519
9,Cabo Verde,0.48532169159038135
10,Cabo Verde,0.7458888055106297
11,Cabo Verde,0.9622405538615234
12,Cabo Verde,1.0337753623317565
0,Cameroon,1.3067918455262646
1,Cameroon,0.7261227918094414
2,Cameroon,0.4631909321410533
3,Cameroon,0.4893704452575157
4,Cameroon,0.5833572076866946
5,Cameroon,0.6134213655317167
6,Cameroon,0.7278475114711621
7,Cameroon,0.8440296745529713
8,Cameroon,1.0722245803246366
9,Cameroon,1.2962361707458607
10,Cameroon,1.5573215557276785
11,Cameroon,1.2071481504786845
12,Cameroon,1.0137571211202312
0,Canada,0.8284080843983855
1,Canada,0.7332941921259545
2,Canada,0.7826827482233272
3,Canada,0.7157536702083857
4,Canada,0.6385379551257068
5,Canada,0.6034885176760217
6,Canada,0.6696408632102044
7,Canada,0.6300982608207834
8,Canada,0.6896303512186404
9,Canada,0.750772757330633
10,Canada,0.9451331220561492
11,Canada,1.006406895166365
12,Canada,0.9974280107380538
0,Chad,0.8282878266390432
1,Chad,0.39628789119117946
2,Chad,0.47799925240475943
3,Chad,0.43688504792460403
4,Chad,0.4345321146787415
5,Chad,0.42059021720695056
6,Chad,0.5039982419060117
7,Chad,0.6328953709882912
8,Chad,0.8202188785012744
9,Chad,0.9364500708157715
10,Chad,1.1351707086775695
11,Chad,1.002510318446019
12,Chad,0.9673747782814685
0,Chile,0.6374962286479771
1,Chile,0.5589275522378333
2,Chile,0.4476896493103162
3,Chile,0.3439499244562964
4,Chile,0.37136479845129033
5,Chile,0.35470941483269935
6,Chile,0.4041976485781061
7,Chile,0.4807091381819825
8,Chile,0.5055199330273761
9,Chile,0.6597529679970132
10,Chile,0.7611730655516394
11,Chile,0.8898188202616678
12,Chile,0.8868960677378585
0,China,0.9082071719842943
1,China,0.6566050752159137
2,China,0.561450485563262
3,China,0.45821413697323604
4,China,0.4484068143741953
5,China,0.48319364503622386
6,China,0.5003186718952367
7,China,0.6038464828112452
8,China,0.6738713282984493
9,China,0.793601367588693
10,China,0.8917885247711748
11,China,0.9683917655051093
12,China,0.9748823598796575
0,Colombia,0.6168969282511758
1,Colombia,0.1487537475305026
2,Colombia,0.14342418127391432
3,Colombia,0.13255023815422226
4,Colombia,0.15948072922375284
5,Colombia,0.18935618502809046
6,Colombia,0.22726871599425064
7,Colombia,0.28455881443416225
8,Colombia,0.5085275315680571
9,Colombia,0.617690414635474
10,Colombia,0.8022842737305552
11,Colombia,0.974632077472723
12,Colombia,1.014913860182996
0,Costa Rica,0.7685941487663922
1,Costa Rica,0.25668151493454666
2,Costa Rica,0.2852425472604295
3,Costa Rica,0.2613565408972954
4,Costa Rica,0.2274208036037385
5,Costa Rica,0.20022782445093348
6,Costa Rica,0.23477793250867626
7,Costa Rica,0.24407234130830735
8,Costa Rica,0.34674713170043825
9,Costa Rica,0.475237436106443
10,Costa Rica,0.6178127173346398
11,Costa Rica,0.9146351005418473
12,Costa Rica,0.9705529808796491
0,Croatia,0.7350789948762797
1,Croatia,0.4330542536759732
2,Croatia,0.3584802069074462
3,Croatia,0.3714547320318834
4,Croatia,0.295819913338502
5,Croatia,0.4428017561891686
6,Croatia,0.36680158005816976
7,Croatia,0.39330275886717225
8,Croatia,0.5387174269506214
9,Croatia,0.662877499666246
10,Croatia,0.9595210465012147
11,Croatia,0.9505330558015921
12,Croatia,0.9774560078464964
0,Cuba,0.790153664027128
1,Cuba,0.29934389573871745
2,Cuba,0.3166967541209441
3,Cuba,0.2511195067017686
4,Cuba,0.28337212823665536
5,Cuba,0.36128602466581433
6,Cuba,0.37261224273495996
7,Cuba,0.6274300223161595
8,Cuba,0.5436887653725373
9,Cuba,1.0442003434089455
10,Cuba,0.9489427617457881
11,Cuba,1.074006093271439
12,Cuba,1.0128734272688507
0,Curaçao,0.5534382314728499
1,Curaçao,0.08301151770827545
2,Curaçao,0.0771620882147851
3,Curaçao,0.07401605105519714
4,Curaçao,0.12463165248504852
5,Curaçao,0.17353181276855145
6,Curaçao,0.21914160504670704
7,Curaçao,0.2636983676243528
8,Curaçao,0.5439513639817342
9,Curaçao,0.6400301756600288
10,Curaçao,0.859299177374929
11,Curaçao,0.9720294797590239
12,Curaçao,1.0165828339943401
0,Cyprus,0.9804807196370724
1,Cyprus,0.7606861509693091
2,Cyprus,0.6342794543744722
3,Cyprus,0.4524612852314291
4,Cyprus,0.5239345774740932
5,Cyprus,0.5219757438982304
6,Cyprus,0.47496404992023594
7,Cyprus,0.47361379222561545
8,Cyprus,0.7201607767061415
9,Cyprus,0.6488686875810543
10,Cyprus,0.89539546341815
11,Cyprus,0.8075307741945339
12,Cyprus,0.9897318585462254
0,Czech Republic,0.8785874804760485
1,Czech Republic,0.879872712801874
2,Czech Republic,0.7493694888941315
3,Czech Republic,0.8129978216340623
4,Czech Republic,0.7829301098626795
5,Czech Republic,0.6940447562588479
6,Czech Republic,0.7579980020931438
7,Czech Republic,0.5445448178060648
8,Czech Republic,0.5172987830909601
9,Czech Republic,0.8052614221106487
10,Czech Republic,0.8616941152686111
11,Czech Republic,0.999360053823881
12,Czech Republic,1.079063248499146
0,Denmark,0.9718604354045123
1,Denmark,0.6780739645236613
2,Denmark,0.8214652050841571
3,Denmark,0.8446404256361668
4,Denmark,0.7636880489135459
5,Denmark,0.6513442771562915
6,Denmark,0.8436941315397782
7,Denmark,0.8250994503024547
8,Denmark,0.6606568823490739
9,Denmark,1.1163902281714537
10,Denmark,1.0348899319263685
11,Denmark,1.2425517149903937
12,Denmark,1.1981653029689363
0,Djibouti,0.9104412332262267
1,Djibouti,0.662779548401447
2,Djibouti,0.6126735160025678
3,Djibouti,0.4602737695083419
4,Djibouti,0.41228804806534625
5,Djibouti,0.46791501308667377
6,Djibouti,0.44027642934169764
7,Djibouti,0.4398781827582864
8,Djibouti,0.6770476322769694
9,Djibouti,0.6276287910746476
10,Djibouti,0.7393202674602212
11,Djibouti,0.9927642735160176
12,Djibouti,0.9671305111718204
0,Dominican Republic,0.706370123440281
1,Dominican Republic,0.22326154876698792
2,Dominican Republic,0.1991198890744732
3,Dominican Republic,0.1932495504842408
4,Dominican Republic,0.2386126652591268
5,Dominican Republic,0.2530592932272539
6,Dominican Republic,0.3288991724022876
7,Dominican Republic,0.4763417366174433
8,Dominican Republic,0.5849698206666104
9,Dominican Republic,0.9005820439840053
10,Dominican Republic,0.9672051122195151
11,Dominican Republic,1.0931517553566727
12,Dominican Republic,1.0720859183737872
0,Ecuador,1.5991171068211374
1,Ecuador,1.7069173432959257
2,Ecuador,1.078873836217139
3,Ecuador,1.1238845873529542
4,Ecuador,0.9264161082186244
5,Ecuador,0.930824105687827
6,Ecuador,0.9511306787463002
7,Ecuador,0.8109005162350148
8,Ecuador,0.8303124351535931
9,Ecuador,0.8676458145686746
10,Ecuador,1.0637685819385034
11,Ecuador,0.8978950411022215
12,Ecuador,1.1152409332724726
0,Egypt,0.6711055020571755
1,Egypt,0.43115659259662686
2,Egypt,0.3058986383948171
3,Egypt,0.35291057608907983
4,Egypt,0.3594297712881992
5,Egypt,0.3690612142217168
6,Egypt,0.4919974146484539
7,Egypt,0.6359753740484095
8,Egypt,0.7976136427110047
9,Egypt,0.8735777344016509
10,Egypt,0.9052330323686281
11,Egypt,1.1090590602712798
12,Egypt,1.0077618821614394
0,El Salvador,0.8483806531077267
1,El Salvador,0.5911131975127725
2,El Salvador,0.4855202415923812
3,El Salvador,0.46512277042907707
4,El Salvador,0.48128546608045186
5,El Salvador,0.42592633837760124
6,El Salvador,0.4704613396111843
7,El Salvador,0.5228452551694975
8,El Salvador,0.5313189626648237
9,El Salvador,0.5826836914922301
10,El Salvador,0.8630753704135817
11,El Salvador,1.134451512431278
12,El Salvador,0.9554201351905248
0,Estonia,1.0084336323618321
1,Estonia,0.8427067753386286
2,Estonia,0.9661376852202133
3,Estonia,1.061757548768365
4,Estonia,1.0510242918204495
5,Estonia,0.8964590663360986
6,Estonia,1.1706786057703154
7,Estonia,1.0704831290820997
8,Estonia,0.811568832574016
9,Estonia,1.3556727943238198
10,Estonia,1.3208450797062448
11,Estonia,1.384293518641673
12,Estonia,1.2687299102355603
0,Ethiopia,0.7109020107408709
1,Ethiopia,0.3195545043455769
2,Ethiopia,0.3435029742203617
3,Ethiopia,0.3213448070332664
4,Ethiopia,0.33515554719156654
5,Ethiopia,0.34510235324164185
6,Ethiopia,0.3954083073669441
7,Ethiopia,0.4536448035061688
8,Ethiopia,0.6040568487582989
9,Ethiopia,0.7197482597376335
10,Ethiopia,0.9476660209321639
11,Ethiopia,1.1597275011612957
12,Ethiopia,1.07087459338054
0,Faroe Islands,0.9812218878758686
1,Faroe Islands,0.8095214003111407
2,Faroe Islands,0.9295216186659565
3,Faroe Islands,0.8711243250750517
4,Faroe Islands,0.8603222061493571
5,Faroe Islands,0.845237299598246
6,Faroe Islands,0.8143569379937675
7,Faroe Islands,0.8292691322035779
8,Faroe Islands,0.8910304061121053
9,Faroe Islands,0.9896176161276021
10,Faroe Islands,0.9230505142948618
11,Faroe Islands,1.033502205396557
12,Faroe Islands,1.1211946871767298
0,Fiji,0.41298925903984796
1,Fiji,0.21731478762645426
2,Fiji,0.25758738348155846
3,Fiji,0.24994573957283678
4,Fiji,0.24455775892775633
5,Fiji,0.29007371380115893
6,Fiji,0.28316433325322915
7,Fiji,0.5001445831583504
8,Fiji,0.5689972885409591
9,Fiji,0.6317195284178142
10,Fiji,0.5565362291276104
11,Fiji,0.8025929961865333
12,Fiji,0.8955771297903684
0,Finland,1.1591492408060076
1,Finland,1.1013344354608812
2,Finland,1.2873464103957828
3,Finland,1.2062126802422994
4,Finland,1.3196353341292033
5,Finland,1.2176233052464136
6,Finland,1.2642851425392052
7,Finland,1.43880025294705
8,Finland,1.259636157814043
9,Finland,1.4153778369409251
10,Finland,1.1942005785718277
11,Finland,1.2292067000572657
12,Finland,1.4492183454190986
0,France,0.8085870033946754
1,France,0.5385167608045824
2,France,0.5182643550674874
3,France,0.5879287918795673
4,France,0.5524789289940369
5,France,0.44844760475918105
6,France,0.4929545534511796
7,France,0.4360194839474152
8,France,0.5066497673769272
9,France,0.7843721457126961
10,France,0.8662989250393003
11,France,0.9116943190846034
12,France,0.9443554870849072
0,Georgia,0.8505628788631342
1,Georgia,0.6770209349821035
2,Georgia,0.6260663895198882
3,Georgia,0.692613669303104
4,Georgia,0.7180320307525405
5,Georgia,0.6348690427912785
6,Georgia,0.6240929080107038
7,Georgia,0.7012910839414348
8,Georgia,0.7640329413957053
9,Georgia,0.7311832707211284
10,Georgia,0.7692396907169837
11,Georgia,0.8127270053833943
12,Georgia,0.8277462414701595
0,Germany,0.9036422525883614
1,Germany,0.5803619168952447
2,Germany,0.6365105230471021
3,Germany,0.6962313624535137
4,Germany,0.6461786101043812
5,Germany,0.5631717456049403
6,Germany,0.7115826286880361
7,Germany,0.6139974705413972
8,Germany,0.603326183791822
9,Germany,0.9421832288532163
10,Germany,0.9437729506427556
11,Germany,1.056192024646286
12,Germany,1.1166647675224532
0,Ghana,0.9799713908360829
1,Ghana,0.4951897129037001
2,Ghana,0.3369870954568008
3,Ghana,0.4189141238778322
4,Ghana,0.6528964376027975
5,Ghana,0.7002335613840058
6,Ghana,0.7838722876805864
7,Ghana,0.8321772870317884
8,Ghana,1.0956285941914476
9,Ghana,1.1975611045105299
10,Ghana,1.383575644797253
11,Ghana,1.2466126572893481
12,Ghana,1.0465427257515585
0,Greece,0.7664976940207544
1,Greece,0.46990904370933384
2,Greece,0.38858000294951567
3,Greece,0.3539774553770433
4,Greece,0.43132810980488323
5,Greece,0.4530459888765288
6,Greece,0.35687191286069236
7,Greece,0.4259428168447075
8,Greece,0.5902592095616107
9,Greece,0.6891226837175719
10,Greece,0.8628923888203446
11,Greece,0.960319649900235
12,Greece,0.9323737324398281
0,Grenada,0.5430386130563846
1,Grenada,0.09558434221549425
2,Grenada,0.08508880734124194
3,Grenada,0.07663274362785928
4,Grenada,0.12588316530516092
5,Grenada,0.15455244113521155
6,Grenada,0.25219907162723226
7,Grenada,0.30609694524837405
8,Grenada,0.5493154685120182
9,Grenada,0.6507623903671511
10,Grenada,0.9045858672112219
11,Grenada,1.0472239909346754
12,Grenada,0.9898636137488943
0,Guadeloupe,0.5856060758810997
1,Guadeloupe,0.12257670116899408
2,Guadeloupe,0.09896054284270292
3,Guadeloupe,0.0750135001611371
4,Guadeloupe,0.12456939469014398
5,Guadeloupe,0.1825970631684057
6,Guadeloupe,0.3062615641912084
7,Guadeloupe,0.3201521660652136
8,Guadeloupe,0.565060055278236
9,Guadeloupe,0.6493392221958111
10,Guadeloupe,0.9481768011020021
11,Guadeloupe,1.191728945878234
12,Guadeloupe,1.019134290323283
0,Guatemala,0.8483806531077267
1,Guatemala,0.5911131975127725
2,Guatemala,0.4855202415923812
3,Guatemala,0.46512277042907696
4,Guatemala,0.48128546608045186
5,Guatemala,0.4259263383776012
6,Guatemala,0.4704613396111843
7,Guatemala,0.5228452551694975
8,Guatemala,0.5313189626648237
9,Guatemala,0.5826836914922301
10,Guatemala,0.8630753704135817
11,Guatemala,1.134451512431278
12,Guatemala,0.9554201351905248
0,Guernsey,0.8210730366200141
1,Guernsey,0.4277707092504851
2,Guernsey,0.4703213675724718
3,Guernsey,0.5126849910242244
4,Guernsey,0.44565690246827916
5,Guernsey,0.4506881738816354
6,Guernsey,0.45743208871083463
7,Guernsey,0.4696662589174291
8,Guernsey,0.526046767403035
9,Guernsey,0.7721756934404423
10,Guernsey,0.8853547048112416
11,Guernsey,0.9010076172001029
12,Guernsey,0.9166332399301877
0,Guyana,0.6387479848600214
1,Guyana,0.21613993562350434
2,Guyana,0.17930644957825
3,Guyana,0.21436280401427407
4,Guyana,0.23815708840561772
5,Guyana,0.2901313760210371
6,Guyana,0.3546906853287456
7,Guyana,0.4210865942740783
8,Guyana,0.6511162488845696
9,Guyana,0.80277999937511
10,Guyana,0.8991438253639847
11,Guyana,0.9598737240848864
12,Guyana,0.9718937709535381
0,Honduras,0.8312885273345542
1,Honduras,0.5016680642068787
2,Honduras,0.4035536375476394
3,Honduras,0.3952403863435787
4,Honduras,0.4429017435422715
5,Honduras,0.3750883327107183
6,Honduras,0.4374634671103775
7,Honduras,0.46994545695811996
8,Honduras,0.5402542016705715
9,Honduras,0.618414046087923
10,Honduras,0.8506358090955439
11,Honduras,1.1424016338470881
12,Honduras,0.9535269892014119
0,Hong Kong,1.0322014250854976
1,Hong Kong,0.661944018358616
2,Hong Kong,0.7733781051509124
3,Hong Kong,0.811145243620035
4,Hong Kong,0.7787151331314544
5,Hong Kong,0.6740642278941886
6,Hong Kong,0.7633206628732042
7,Hong Kong,0.8017494350848512
8,Hong Kong,0.89432956513992
9,Hong Kong,0.8426389157252376
10,Hong Kong,0.982295549918496
11,Hong Kong,0.9296350986727395
12,Hong Kong,1.0832914738708126
0,Hungary,0.7189569487226896
1,Hungary,0.7153271237103869
2,Hungary,0.6711615365476862
3,Hungary,0.6441098225412728
4,Hungary,0.5822286542163551
5,Hungary,0.5889307185047776
6,Hungary,0.5181082189930177
7,Hungary,0.5049977241880577
8,Hungary,0.5555923816418298
9,Hungary,0.6769742372932147
10,Hungary,0.9196231332901742
11,Hungary,0.9694211819103719
12,Hungary,1.0062433562686905
0,India,0.6243647351755093
1,India,0.40312760287760574
2,India,0.33037864812642675
3,India,0.31468184770262203
4,India,0.36387437233273107
5,India,0.3786211302306324
6,India,0.4778043390216793
7,India,0.6128279684670531
8,India,0.6730489994167443
9,India,0.8364574330008188
10,India,0.912497416550339
11,India,0.9266774112147569
12,India,1.106242807905016
0,Indonesia,0.756725027691215
1,Indonesia,0.26569110821260816
2,Indonesia,0.28319829701569527
3,Indonesia,0.2526999518739163
4,Indonesia,0.35394082390827436
5,Indonesia,0.4293152632700228
6,Indonesia,0.48518315194916917
7,Indonesia,0.6466950170661617
8,Indonesia,0.7077040297798786
9,Indonesia,0.7478450729022057
10,Indonesia,0.8730227303760955
11,Indonesia,1.0324083798818044
12,Indonesia,1.1374085459938132
0,Iran,0.5767743358463252
1,Iran,0.4078297132611236
2,Iran,0.46498687716338505
3,Iran,0.45123732409788697
4,Iran,0.4595709136209123
5,Iran,0.4955234085542117
6,Iran,0.6002286639484877
7,Iran,0.73790632001197
8,Iran,0.7426989791657869
9,Iran,0.8312716396935067
10,Iran,0.882815671872353
11,Iran,0.9423699188204965
12,Iran,1.0039707349573292
0,Iraq,0.7198177968686821
1,Iraq,0.8284917168277297
2,Iraq,0.5601223839919764
3,Iraq,0.561047201302362
4,Iraq,0.3927957501858204
5,Iraq,0.4074969151844553
6,Iraq,0.5483374017016093
7,Iraq,0.7904203969615593
8,Iraq,0.858287892231443
9,Iraq,0.9700203594772095
10,Iraq,0.890515829610885
11,Iraq,0.9717270109663021
12,Iraq,0.9588841183807615
0,Ireland,0.8561435759266095
1,Ireland,0.5955302506766756
2,Ireland,0.6858702353010138
3,Ireland,0.6634941436228456
4,Ireland,0.5958817501648601
5,Ireland,0.5467968835400574
6,Ireland,0.5428294285239713
7,Ireland,0.4942620279880442
8,Ireland,0.4946424044711296
9,Ireland,0.7910795239220934
10,Ireland,0.8691917189047578
11,Ireland,0.9332287376753899
12,Ireland,0.9365383767102164
0,Isle of Man,0.874965249589572
1,Isle of Man,0.685584348338975
2,Isle of Man,0.8046343184800021
3,Isle of Man,0.7962329971501696
4,Isle of Man,0.7442365550686509
5,Isle of Man,0.6458004951378037
6,Isle of Man,0.6709754104750152
7,Isle of Man,0.6354624870337685
8,Isle of Man,0.5839795935855782
9,Isle of Man,0.8544255837890737
10,Isle of Man,0.9181722822898176
11,Isle of Man,0.9558648269056675
12,Isle of Man,0.964842896800371
0,Israel,0.8882700006183699
1,Israel,0.5586374729063316
2,Israel,0.3875556937360004
3,Israel,0.3543161303031702
4,Israel,0.3602697105963955
5,Israel,0.3327073241380608
6,Israel,0.46717048203026557
7,Israel,0.5468233104078833
8,Israel,0.7123205645911853
9,Israel,0.7299015460276721
10,Israel,0.9718606765763793
11,Israel,0.8932941715497336
12,Israel,1.0229711335057614
0,Italy,0.7105410201818249
1,Italy,0.32939458079198874
2,Italy,0.27237303406777114
3,Italy,0.22241492938468252
4,Italy,0.26495421967083727
5,Italy,0.2830740671954344
6,Italy,0.23582060708651723
7,Italy,0.32256831218684523
8,Italy,0.4734733283197503
9,Italy,0.593878745805288
10,Italy,0.8522297127232876
11,Italy,0.9487773178472476
12,Italy,0.8697197445667171
0,Jamaica,0.7797786900262336
1,Jamaica,0.19097457281786695
2,Jamaica,0.1781422637821218
3,Jamaica,0.17499826029855797
4,Jamaica,0.15560845652819666
5,Jamaica,0.19755920348748518
6,Jamaica,0.21711725340236396
7,Jamaica,0.36106884932363964
8,Jamaica,0.49431006585366216
9,Jamaica,0.861379022728296
10,Jamaica,0.8977008138917314
11,Jamaica,1.0721841348540222
12,Jamaica,1.111200224351888
0,Japan,0.955744251966278
1,Japan,0.5813070029670016
2,Japan,0.5180734240262312
3,Japan,0.4562437487665323
4,Japan,0.38601413728060086
5,Japan,0.4732725337519325
6,Japan,0.385845847576313
7,Japan,0.3390809583767169
8,Japan,0.4074826562660465
9,Japan,0.46942810673629287
10,Japan,0.600107902774997
11,Japan,0.6535577172034399
12,Japan,0.7777641096726753
0,Jordan,0.7467654950755824
1,Jordan,0.5087928251257364
2,Jordan,0.3217113816450592
3,Jordan,0.3269313171571963
4,Jordan,0.35472885986961217
5,Jordan,0.32514764453156486
6,Jordan,0.4945772477554356
7,Jordan,0.5755972884135381
8,Jordan,0.7269432670079639
9,Jordan,0.8070075789033576
10,Jordan,0.9864797985770082
11,Jordan,1.039964993074593
12,Jordan,1.031960896676567
0,Kazakhstan,0.7901981268303663
1,Kazakhstan,0.4712964849516734
2,Kazakhstan,0.5842264029737989
3,Kazakhstan,0.6475779235299062
4,Kazakhstan,0.5271780331837003
5,Kazakhstan,0.538955335707824
6,Kazakhstan,0.5672092238125955
7,Kazakhstan,0.6689632859868285
8,Kazakhstan,0.7355579711367601
9,Kazakhstan,0.8790658690150188
10,Kazakhstan,0.9038798382649269
11,Kazakhstan,0.9429988758038235
12,Kazakhstan,1.0073955280658788
0,Kenya,0.5901120173467054
1,Kenya,0.28483061636402873
2,Kenya,0.3499719197758858
3,Kenya,0.3935285627375863
4,Kenya,0.35600436824284215
5,Kenya,0.3481433038316173
6,Kenya,0.383543947872205
7,Kenya,0.3655742082749864
8,Kenya,0.4550875303727191
9,Kenya,0.5515390827346116
10,Kenya,0.6894942351933708
11,Kenya,0.9308059423302597
12,Kenya,1.0986512618165225
0,Kosovo,0.6949194503383844
1,Kosovo,0.5443524667260494
2,Kosovo,0.43702855425132775
3,Kosovo,0.39659023837193436
4,Kosovo,0.4088861183363881
5,Kosovo,0.38194485750614443
6,Kosovo,0.4193062089392989
7,Kosovo,0.4394422311432642
8,Kosovo,0.5711755058488659
9,Kosovo,0.6455961703727078
10,Kosovo,0.8162153348938491
11,Kosovo,0.9189422670056111
12,Kosovo,0.9117648592062522
0,Kuwait,0.7933594994100517
1,Kuwait,0.33334236987792937
2,Kuwait,0.2891490112762769
3,Kuwait,0.2582746521838137
4,Kuwait,0.25674857688144964
5,Kuwait,0.304138128733297
6,Kuwait,0.44086033630224003
7,Kuwait,0.5973417622449806
8,Kuwait,0.7914891435771789
9,Kuwait,0.794814361640601
10,Kuwait,0.8413050103617655
11,Kuwait,1.0142327279627925
12,Kuwait,1.1067487736370927
0,Kyrgyzstan,0.8807984573010376
1,Kyrgyzstan,0.858967339117084
2,Kyrgyzstan,1.0987238278444673
3,Kyrgyzstan,0.9658097385910654
4,Kyrgyzstan,0.7155037926970891
5,Kyrgyzstan,0.706746727745147
6,Kyrgyzstan,0.6962751421473017
7,Kyrgyzstan,0.7151689710211303
8,Kyrgyzstan,0.709559355991424
9,Kyrgyzstan,0.8447531546109676
10,Kyrgyzstan,0.820203558220392
11,Kyrgyzstan,0.8684016217707919
12,Kyrgyzstan,1.0100011079037234
0,Laos,0.8170391395284168
1,Laos,0.500377029491249
2,Laos,0.6254417859206293
3,Laos,0.6006558071451231
4,Laos,0.563185536831017
5,Laos,0.623219676856162
6,Laos,0.6302901341896057
7,Laos,0.6919268446176107
8,Laos,0.77623864749369
9,Laos,0.9655062657727991
10,Laos,1.0032649336085029
11,Laos,1.0471966573578084
12,Laos,1.2207573658023434
0,Latvia,0.9838280697122586
1,Latvia,0.7636451868070631
2,Latvia,0.8523847922528606
3,Latvia,0.9100216604471798
4,Latvia,0.8725387223059349
5,Latvia,0.7385111364608096
6,Latvia,1.0127410921798061
7,Latvia,0.9061246499547534
8,Latvia,0.6933837596876152
9,Latvia,1.2395488282529525
10,Latvia,1.2353999398976658
11,Latvia,1.3152311033302837
12,Latvia,1.1736922420010143
0,Lebanon,0.9892112720670819
1,Lebanon,0.7506843871437623
2,Lebanon,0.567086384313674
3,Lebanon,0.460478309951199
4,Lebanon,0.49266165376329346
5,Lebanon,0.5074217913764025
6,Lebanon,0.5840582064141056
7,Lebanon,0.5439971428639475
8,Lebanon,0.8017349510227684
9,Lebanon,0.702383288511143
10,Lebanon,0.9380172429346576
11,Lebanon,0.7831827595312523
12,Lebanon,0.9957786998823419
0,Lithuania,0.9978122501540322
1,Lithuania,0.6961964026588328
2,Lithuania,0.8208801830877058
3,Lithuania,0.9335996542215957
4,Lithuania,0.8683480373839171
5,Lithuania,0.7818339682044128
6,Lithuania,1.0165723183694695
7,Lithuania,0.8686323983279436
8,Lithuania,0.727206531966456
9,Lithuania,1.2155960262363472
10,Lithuania,1.1734243974184972
11,Lithuania,1.3082159524842252
12,Lithuania,1.135774724615787
0,Luxembourg,0.8004708810927178
1,Luxembourg,0.6359180715318886
2,Luxembourg,0.626696511130173
3,Luxembourg,0.7290953675915853
4,Luxembourg,0.6251061512580451
5,Luxembourg,0.524078295060075
6,Luxembourg,0.6155960545197396
7,Luxembourg,0.4532831440083512
8,Luxembourg,0.4838504179906298
9,Luxembourg,0.8568355727869815
10,Luxembourg,0.9024108725045363
11,Luxembourg,0.9451958368696722
12,Luxembourg,1.0480784323785324
0,Macao,0.9505498093801193
1,Macao,0.6419079522936555
2,Macao,0.7419431676459559
3,Macao,0.817331077061937
4,Macao,0.8101706287940786
5,Macao,0.6546151478131631
6,Macao,0.8145080799678927
7,Macao,0.7845727529714569
8,Macao,0.9152461074029328
9,Macao,0.9640885174166569
10,Macao,0.9822003655821328
11,Macao,0.8936410152502092
12,Macao,1.0746424725292767
0,Madagascar,0.639806722554495
1,Madagascar,0.43111880776218814
2,Madagascar,0.37375681054720605
3,Madagascar,0.2754531740395274
4,Madagascar,0.23926351922800818
5,Madagascar,0.2730033639125855
6,Madagascar,0.29778346377474574
7,Madagascar,0.43805476282289724
8,Madagascar,0.754239997813829
9,Madagascar,0.73970852037983
10,Madagascar,1.0067835426125398
11,Madagascar,0.9207190561239246
12,Madagascar,0.9865901105849963
0,Malawi,0.5288724916881374
1,Malawi,0.3392138803993689
2,Malawi,0.29985485627931985
3,Malawi,0.32978137883531095
4,Malawi,0.34641233888530215
5,Malawi,0.4210546467309037
6,Malawi,0.4566459517828948
7,Malawi,0.6180064046950858
8,Malawi,0.7340785930873508
9,Malawi,0.8730198130069663
10,Malawi,0.9540152075401525
11,Malawi,0.9840709642228769
12,Malawi,1.0437618288874977
0,Mali,0.9694277393997086
1,Mali,0.3738159833103963
2,Mali,0.23437959827339822
3,Mali,0.1983456605105602
4,Mali,0.4331713561545336
5,Mali,0.4549529279916098
6,Mali,0.7297216797011195
7,Mali,0.8282404085718628
8,Mali,0.9949653159173727
9,Mali,0.9717072244288485
10,Mali,1.1218841363211924
11,Mali,0.9608387530776756
12,Mali,1.013469737894747
0,Martinique,0.5640747015491191
1,Martinique,0.11138302947621018
2,Martinique,0.07563620581114198
3,Martinique,0.060504221553930676
4,Martinique,0.09477723431244263
5,Martinique,0.1344936033162561
6,Martinique,0.2620868008727843
7,Martinique,0.2740290793031737
8,Martinique,0.5274926141104183
9,Martinique,0.5729486200874163
10,Martinique,0.9030645301509805
11,Martinique,1.1507796290912324
12,Martinique,0.9929183825933331
0,Mauritania,0.9520245978978811
1,Mauritania,0.28613436288181615
2,Mauritania,0.21493381744389195
3,Mauritania,0.23528250841084417
4,Mauritania,0.23983408872252301
5,Mauritania,0.2873982413592311
6,Mauritania,0.5339096467354776
7,Mauritania,0.6618464781663
8,Mauritania,0.7237819111507132
9,Mauritania,0.8162609995968272
10,Mauritania,0.9898817989334335
11,Mauritania,1.0770736702118242
12,Mauritania,1.0588286247322571
0,Mauritius,0.8059468245057895
1,Mauritius,0.21250758209157328
2,Mauritius,0.20871716443774915
3,Mauritius,0.13139557780091715
4,Mauritius,0.1441589442930532
5,Mauritius,0.1801468756193944
6,Mauritius,0.2708483860794219
7,Mauritius,0.37924323195885323
8,Mauritius,0.6640093723552472
9,Mauritius,0.7218518728861781
10,Mauritius,1.036886571594641
11,Mauritius,0.9527331531756196
12,Mauritius,0.905652691633566
0,Mexico,0.8520431868927388
1,Mexico,0.5452680972111895
2,Mexico,0.5620334366735876
3,Mexico,0.4937650073018946
4,Mexico,0.5184669620832949
5,Mexico,0.4714996584752076
6,Mexico,0.529357442480258
7,Mexico,0.6037425578592781
8,Mexico,0.6786523313837548
9,Mexico,0.7374863407934251
10,Mexico,0.8934344010578076
11,Mexico,1.034649113174607
12,Mexico,0.8934030762140897
0,Mongolia,0.9245623530649111
1,Mongolia,0.5577648894133231
2,Mongolia,0.5706011219077801
3,Mongolia,0.49149965348520813
4,Mongolia,0.4821451771614038
5,Mongolia,0.4491973336658476
6,Mongolia,0.47717474962396805
7,Mongolia,0.5396325756541399
8,Mongolia,0.5907578939116809
9,Mongolia,0.7032109309451446
10,Mongolia,0.7782617983513216
11,Mongolia,0.9646522997221627
12,Mongolia,0.9485163917903485
0,Montenegro,0.6835045225209946
1,Montenegro,0.5041528403876244
2,Montenegro,0.41298176236688483
3,Montenegro,0.37290968375640743
4,Montenegro,0.3927604438995714
5,Montenegro,0.36635105879105284
6,Montenegro,0.3947495928999861
7,Montenegro,0.40130754369923316
8,Montenegro,0.554990406172096
9,Montenegro,0.647798770835101
10,Montenegro,0.8222599693065178
11,Montenegro,0.9114947645894772
12,Montenegro,0.8920670971487625
0,Morocco,0.7821244908469684
1,Morocco,0.6721907364179306
2,Morocco,0.5242216952674733
3,Morocco,0.5124480125894231
4,Morocco,0.47195304098514124
5,Morocco,0.4409241742704607
6,Morocco,0.5651113246959778
7,Morocco,0.7037276891591288
8,Morocco,0.801005675980973
9,Morocco,0.8829837860851902
10,Morocco,1.142724050428677
11,Morocco,1.0926951897282013
12,Morocco,0.9639460488608953
0,Mozambique,0.7876073618901851
1,Mozambique,0.3877244426140431
2,Mozambique,0.3195421942015579
3,Mozambique,0.3386130499920226
4,Mozambique,0.3559652648423483
5,Mozambique,0.40080237714550115
6,Mozambique,0.4814151535839238
7,Mozambique,0.670657559028432
8,Mozambique,0.783007942149316
9,Mozambique,0.9876102915439771
10,Mozambique,0.9534778344007986
11,Mozambique,1.0293667865739498
12,Mozambique,0.9868806017156492
0,Myanmar,0.8175124098879355
1,Myanmar,0.637741140953733
2,Myanmar,0.6194572756606185
3,Myanmar,0.5318392484846783
4,Myanmar,0.4818990207226495
5,Myanmar,0.4881318000284316
6,Myanmar,0.5455126451925825
7,Myanmar,0.5638959376397744
8,Myanmar,0.6939796871781391
9,Myanmar,0.8072603430228706
10,Myanmar,0.9959057391560426
11,Myanmar,1.0131786552066477
12,Myanmar,1.1961667632008472
0,Namibia,0.5212091945294884
1,Namibia,0.3852253397060212
2,Namibia,0.31356027211530135
3,Namibia,0.27744846704372067
4,Namibia,0.32128456334544486
5,Namibia,0.3608603494910108
6,Namibia,0.49759821255161485
7,Namibia,0.5815101902209507
8,Namibia,0.7829670704343316
9,Namibia,0.9515203727212407
10,Namibia,1.0353719668405907
11,Namibia,1.036860326129327
12,Namibia,1.0552055001051421
0,Netherlands,0.8583050160175554
1,Netherlands,0.6744101192344141
2,Netherlands,0.7154800291212545
3,Netherlands,0.6813091975827219
4,Netherlands,0.6261817378147304
5,Netherlands,0.5446045340276117
6,Netherlands,0.6827237805257109
7,Netherlands,0.6166457837278025
8,Netherlands,0.5902264037819939
9,Netherlands,0.9449517634622175
10,Netherlands,0.956641948174834
11,Netherlands,1.0030870024994096
12,Netherlands,1.0507212782332678
0,New Caledonia,0.4839241217279498
1,New Caledonia,0.490576970297783
2,New Caledonia,0.28242907963551755
3,New Caledonia,0.2774729917053457
4,New Caledonia,0.21785611386101633
5,New Caledonia,0.3989149288895689
6,New Caledonia,0.2993170272429171
7,New Caledonia,0.47251584357703946
8,New Caledonia,0.6921343412030734
9,New Caledonia,0.6651823455040666
10,New Caledonia,0.7794392676237512
11,New Caledonia,0.9021340269333145
12,New Caledonia,0.6996005367332652
0,New Zealand,0.6843586256295309
1,New Zealand,0.4498144484675941
2,New Zealand,0.3859468742682032
3,New Zealand,0.3591312397385135
4,New Zealand,0.3042298706945232
5,New Zealand,0.3465284620687005
6,New Zealand,0.37829677488445185
7,New Zealand,0.466984292122816
8,New Zealand,0.6654834256452115
9,New Zealand,0.6840567094115655
10,New Zealand,0.8146751225738248
11,New Zealand,0.8686395716565584
12,New Zealand,0.972349232686166
0,Nicaragua,0.73513138668747
1,Nicaragua,0.2348666199996946
2,Nicaragua,0.2487900425990766
3,Nicaragua,0.23850930939909057
4,Nicaragua,0.21664651017373487
5,Nicaragua,0.1939145099290237
6,Nicaragua,0.2393947714503205
7,Nicaragua,0.2629723140929022
8,Nicaragua,0.38693711139952086
9,Nicaragua,0.49887077842512445
10,Nicaragua,0.6657189966427903
11,Nicaragua,0.9535528379690384
12,Nicaragua,0.9754096939706468
0,Niger,0.7555358086530727
1,Niger,0.25207174568678115
2,Niger,0.2896983568049657
3,Niger,0.20627056010884784
4,Niger,0.36780124358726923
5,Niger,0.32830468329153994
6,Niger,0.49049114539566535
7,Niger,0.5916664101155963
8,Niger,0.7185725556682389
9,Niger,0.8612359198224301
10,Niger,1.0860345921095615
11,Niger,0.919145451635633
12,Niger,0.9021268983202881
0,Nigeria,0.8246618872454031
1,Nigeria,0.3122440919343206
2,Nigeria,0.3755986891636609
3,Nigeria,0.2878751872008089
4,Nigeria,0.4089486110164374
5,Nigeria,0.4081970690879178
6,Nigeria,0.5281062505332726
7,Nigeria,0.6411961893655962
8,Nigeria,0.7821892785432177
9,Nigeria,0.9747807924942792
10,Nigeria,1.2452745883748977
11,Nigeria,1.02043259837961
12,Nigeria,0.959125425709791
0,North Macedonia,0.7511025597014254
1,North Macedonia,0.6585702621061158
2,North Macedonia,0.5144499234997278
3,North Macedonia,0.46334894944753846
4,North Macedonia,0.49513061661780405
5,North Macedonia,0.46356011050383816
6,North Macedonia,0.47981684973798777
7,North Macedonia,0.5404970921313871
8,North Macedonia,0.6345811194750662
9,North Macedonia,0.6547899017710334
10,North Macedonia,0.8132540966848979
11,North Macedonia,0.9476487284458848
12,North Macedonia,0.9635130056847928
0,Norway,1.035914994328812
1,Norway,1.0590462141754442
2,Norway,1.2254427525764409
3,Norway,1.0949840183252042
4,Norway,1.025646965064393
5,Norway,0.9247660475820093
6,Norway,1.0136290265105983
7,Norway,1.0764455842961336
8,Norway,0.7976345132390987
9,Norway,1.1665174311996842
10,Norway,1.005702816248492
11,Norway,1.1485909949918907
12,Norway,1.1989341244490017
0,Oman,0.8466401451493006
1,Oman,0.7604340005010222
2,Oman,0.6343757950814483
3,Oman,0.44382579779870435
4,Oman,0.6027850806165083
5,Oman,0.5094553131021595
6,Oman,0.6914683793694012
7,Oman,0.7632714413715269
8,Oman,0.7328287478570549
9,Oman,0.9302213334245923
10,Oman,0.9469395254364761
11,Oman,0.9030596519001812
12,Oman,0.9872703065188063
0,Pakistan,0.8592611409187265
1,Pakistan,0.5869893030202911
2,Pakistan,0.40676466130831074
3,Pakistan,0.37903914805216005
4,Pakistan,0.43694226405313247
5,Pakistan,0.5918924479953925
6,Pakistan,0.8131173826787589
7,Pakistan,0.9345837131731205
8,Pakistan,0.9844745666134317
9,Pakistan,0.9956798076495705
10,Pakistan,1.0330256191622633
11,Pakistan,1.0379276373448039
12,Pakistan,1.0167198726696467
0,Panama,0.6988630988364899
1,Panama,0.30489251786200333
2,Panama,0.3395996482307929
3,Panama,0.3047459332343981
4,Panama,0.2639617034677477
5,Panama,0.27306664240000056
6,Panama,0.2545292570913802
7,Panama,0.27288355474956766
8,Panama,0.33092340929662195
9,Panama,0.5042455895595165
10,Panama,0.5317982239189452
11,Panama,0.7431570724087069
12,Panama,0.848282411218411
0,Peru,1.3993621648938597
1,Peru,1.9563567993677358
2,Peru,1.4099044884560874
3,Peru,1.1897348592786183
4,Peru,0.9947083982628409
5,Peru,0.9639721857182406
6,Peru,0.8622230574968832
7,Peru,0.7140428954632012
8,Peru,0.6179397730929452
9,Peru,0.7809464756747472
10,Peru,0.9123529032509986
11,Peru,0.8661743262335772
12,Peru,0.9978873243213282
0,Philippines,0.8852505390621762
1,Philippines,0.26380090747946916
2,Philippines,0.3183638327715069
3,Philippines,0.44178483919766653
4,Philippines,0.4146985663272568
5,Philippines,0.43388873219153257
6,Philippines,0.5013446827581453
7,Philippines,0.5336980472837206
8,Philippines,0.7335125229389754
9,Philippines,0.8091285789654222
10,Philippines,0.9106581677207513
11,Philippines,1.065878428716739
12,Philippines,1.0917048900822814
0,Poland,0.9770470821698463
1,Poland,0.7230034098092694
2,Poland,0.785078388073824
3,Poland,0.8705670401608876
4,Poland,0.7939647520588118
5,Poland,0.6861980733526527
6,Poland,0.8804180252199679
7,Poland,0.7914895482055196
8,Poland,0.6749857159059012
9,Poland,1.123445802125179
10,Poland,1.124770044977707
11,Poland,1.2504353525366634
12,Poland,1.1293540544507572
0,Portugal,0.6714893911428029
1,Portugal,0.3217878827799664
2,Portugal,0.2783040898175055
3,Portugal,0.28603244356565943
4,Portugal,0.27155176158524913
5,Portugal,0.2698670243342789
6,Portugal,0.33770980756851304
7,Portugal,0.39623684662050906
8,Portugal,0.5459980261221098
9,Portugal,0.6364283222743935
10,Portugal,0.8389550276066872
11,Portugal,0.849394129964248
12,Portugal,0.7629707080443695
0,Puerto Rico,0.6418091096966446
1,Puerto Rico,0.1470032274465279
2,Puerto Rico,0.12899831121235622
3,Puerto Rico,0.11928985105477645
4,Puerto Rico,0.17471327916552387
5,Puerto Rico,0.2281961484345955
6,Puerto Rico,0.29950070395940775
7,Puerto Rico,0.3796941112525714
8,Puerto Rico,0.5811842284493205
9,Puerto Rico,0.8188472728632493
10,Puerto Rico,1.0023586205912647
11,Puerto Rico,1.1864706911004503
12,Puerto Rico,1.0747529260416102
0,Romania,0.7578945751712786
1,Romania,0.5164611428889958
2,Romania,0.5120956311298243
3,Romania,0.5637105847247217
4,Romania,0.41336253532612305
5,Romania,0.4306056563950048
6,Romania,0.48407164956708326
7,Romania,0.6135247098598268
8,Romania,0.6821647312717987
9,Romania,0.6437098052491993
10,Romania,0.8353281206207567
11,Romania,0.9214521162858978
12,Romania,0.9262735767298076
0,Russia,0.8517736406534928
1,Russia,0.7491852781126624
2,Russia,0.7471848137613821
3,Russia,0.741189844720085
4,Russia,0.8309241819486396
5,Russia,0.7477466287919925
6,Russia,0.862093915040919
7,Russia,0.9529461061999428
8,Russia,0.9750570272443778
9,Russia,0.999856011141464
10,Russia,1.0759707136585062
11,Russia,1.0047059074111524
12,Russia,1.0276209669820175
0,Réunion,0.8993007405039773
1,Réunion,0.29497061011432585
2,Réunion,0.3358426769374363
3,Réunion,0.17529020595712233
4,Réunion,0.2182185837945198
5,Réunion,0.20280158952367855
6,Réunion,0.3194798766394002
7,Réunion,0.45629447210104557
8,Réunion,0.6922226326650209
9,Réunion,0.7153570084556823
10,Réunion,1.0049925244640678
11,Réunion,0.9027281106934084
12,Réunion,0.8501532252134132
0,Saudi Arabia,0.6169394891912559
1,Saudi Arabia,0.35060520686380137
2,Saudi Arabia,0.2328371483423747
3,Saudi Arabia,0.2545796558365321
4,Saudi Arabia,0.24559935526572035
5,Saudi Arabia,0.2821804215348217
6,Saudi Arabia,0.3922191009510368
7,Saudi Arabia,0.5758901796785169
8,Saudi Arabia,0.7381401388689942
9,Saudi Arabia,0.7669843945384052
10,Saudi Arabia,0.8526801635257614
11,Saudi Arabia,1.0194131073153208
12,Saudi Arabia,0.9647264506167199
0,Senegal,1.089751986062011
1,Senegal,0.3467067059168178
2,Senegal,0.18690772839434566
3,Senegal,0.1640245324349654
4,Senegal,0.2699717788667214
5,Senegal,0.3348689014928517
6,Senegal,0.4098054417071406
7,Senegal,0.5467412545329855
8,Senegal,0.6924774429674149
9,Senegal,0.7130336242960583
10,Senegal,0.9030830682063721
11,Senegal,0.8550590458632537
12,Senegal,1.0191416467720904
0,Serbia,0.6429999559747163
1,Serbia,0.5181606513568308
2,Serbia,0.4760221708543185
3,Serbia,0.5027822342122849
4,Serbia,0.43244270873447405
5,Serbia,0.43021901422533726
6,Serbia,0.44726104724449955
7,Serbia,0.4825640010443277
8,Serbia,0.5627227102689075
9,Serbia,0.6550302789320305
10,Serbia,0.8985683409393549
11,Serbia,0.9650655526939333
12,Serbia,1.0019376038717198
0,Singapore,1.4400603550104933
1,Singapore,1.5157004461595613
2,Singapore,1.1001996284710585
3,Singapore,0.8259423561309623
4,Singapore,0.7018393419447407
5,Singapore,0.6722381823508008
6,Singapore,0.6060973834245307
7,Singapore,0.7144623781402082
8,Singapore,0.9234452971860648
9,Singapore,1.103922196744113
10,Singapore,0.8890901479381723
11,Singapore,0.8768235411396923
12,Singapore,1.1946156685640748
0,Slovakia,0.7340018018302065
1,Slovakia,0.8147335579035994
2,Slovakia,0.7583268685506364
3,Slovakia,0.7067789702767269
4,Slovakia,0.6506316881932928
5,Slovakia,0.6161888144526302
6,Slovakia,0.5603040556690896
7,Slovakia,0.5235654944437194
8,Slovakia,0.5497365085522125
9,Slovakia,0.6861725667042414
10,Slovakia,0.9048625324245616
11,Slovakia,0.972091636242594
12,Slovakia,0.9994306754307047
0,Slovenia,0.7257125153823621
1,Slovenia,0.522040149731639
2,Slovenia,0.4972662902921885
3,Slovenia,0.4718681628565665
4,Slovenia,0.4303720563638099
5,Slovenia,0.5290879651344308
6,Slovenia,0.40946763818587373
7,Slovenia,0.40173576581123993
8,Slovenia,0.5213515105769772
9,Slovenia,0.6295966176387336
10,Slovenia,0.8971692075520494
11,Slovenia,0.9504962766036549
12,Slovenia,0.9832289578110627
0,South Africa,0.7530627694406848
1,South Africa,0.5941967184038675
2,South Africa,0.4860309577118517
3,South Africa,0.3862191866664016
4,South Africa,0.35571683834843754
5,South Africa,0.3697180589381651
6,South Africa,0.44096994319807403
7,South Africa,0.5482406777380259
8,South Africa,0.6917067837019362
9,South Africa,0.8030816856989468
10,South Africa,0.8727634796166848
11,South Africa,0.9460419499608538
12,South Africa,0.952864236889267
0,South Korea,0.9431490593141654
1,South Korea,0.6057947858744139
2,South Korea,0.557532099024333
3,South Korea,0.37664857894291454
4,South Korea,0.3290475312775335
5,South Korea,0.39862234936750207
6,South Korea,0.38997196061759126
7,South Korea,0.43710715475045986
8,South Korea,0.516284293756493
9,South Korea,0.5536871132118129
10,South Korea,0.6589814685684117
11,South Korea,0.81272144516286
12,South Korea,0.916270005486729
0,Spain,0.7307343764623426
1,Spain,0.33730289372790767
2,Spain,0.3109843796863755
3,Spain,0.32369708742333736
4,Spain,0.3172313341043973
5,Spain,0.27198707113418463
6,Spain,0.3252824488632694
7,Spain,0.3759799655905236
8,Spain,0.5066008110754208
9,Spain,0.6139240785555101
10,Spain,0.8846409144997297
11,Spain,0.9307570065818872
12,Spain,0.8395260791227281
0,Sri Lanka,0.6329734415830819
1,Sri Lanka,0.44343650800743095
2,Sri Lanka,0.4618557727732023
3,Sri Lanka,0.4081963309796142
4,Sri Lanka,0.4236517493708951
5,Sri Lanka,0.34416585037450237
6,Sri Lanka,0.5468902321732916
7,Sri Lanka,0.49270666221735726
8,Sri Lanka,0.5874609790050886
9,Sri Lanka,0.7791576319806788
10,Sri Lanka,0.7977216123716673
11,Sri Lanka,0.9013318107016932
12,Sri Lanka,1.123714462011411
0,Sudan,0.7570630865661376
1,Sudan,0.3661702908303637
2,Sudan,0.27751098507856004
3,Sudan,0.29612659137615516
4,Sudan,0.33591364762355497
5,Sudan,0.3701745060769031
6,Sudan,0.4750168483854348
7,Sudan,0.6267107415095214
8,Sudan,0.8095242576535385
9,Sudan,0.8786326268301277
10,Sudan,0.9315131449792816
11,Sudan,1.061297570851991
12,Sudan,0.9920204610454615
0,Sweden,1.0680199365972043
1,Sweden,0.8297896833819858
2,Sweden,0.9709086402848291
3,Sweden,0.9910330188441041
4,Sweden,0.9747914669571893
5,Sweden,0.857089542499424
6,Sweden,1.024427440777979
7,Sweden,1.0310588820265267
8,Sweden,0.8606030211926748
9,Sweden,1.260026936031504
10,Sweden,1.1845660548248442
11,Sweden,1.274344711653053
12,Sweden,1.2764044995144088
0,Switzerland,0.761899043771231
1,Switzerland,0.5165086616277597
2,Switzerland,0.4162624393122127
3,Switzerland,0.5193236189013444
4,Switzerland,0.4607402750372601
5,Switzerland,0.43034673766707127
6,Switzerland,0.39889385945876893
7,Switzerland,0.34410783350155144
8,Switzerland,0.5159170882743055
9,Switzerland,0.6564768626200188
10,Switzerland,0.823107472342534
11,Switzerland,0.9359906742508102
12,Switzerland,0.9630861073927959
0,Taiwan,0.7533366676793551
1,Taiwan,0.6576370496352155
2,Taiwan,0.7230163947852368
3,Taiwan,0.6662744284218798
4,Taiwan,0.6888082373072031
5,Taiwan,0.579569808588533
6,Taiwan,0.6466787322919088
7,Taiwan,0.7167800768602097
8,Taiwan,0.7917126159429801
9,Taiwan,0.7116062331541686
10,Taiwan,0.8463715243218152
11,Taiwan,0.9870691385882473
12,Taiwan,0.9753462341678151
0,Tanzania,0.5687812154558164
1,Tanzania,0.330116194438282
2,Tanzania,0.35910691525606
3,Tanzania,0.41967406178333466
4,Tanzania,0.4191353252230832
5,Tanzania,0.4378187532059825
6,Tanzania,0.5612794299838777
7,Tanzania,0.5426053567764527
8,Tanzania,0.6730320535022062
9,Tanzania,0.8649911718833159
10,Tanzania,0.9620372792433934
11,Tanzania,0.9544401589140541
12,Tanzania,1.110878772675017
0,Thailand,0.8352025995209927
1,Thailand,0.47202040008109597
2,Thailand,0.5769489568495307
3,Thailand,0.5437465761077105
4,Thailand,0.5288423965537674
5,Thailand,0.5918991870178975
6,Thailand,0.5837923860311983
7,Thailand,0.6492320474973587
8,Thailand,0.7460806420547326
9,Thailand,0.9501230921809123
10,Thailand,0.9036409751377437
11,Thailand,0.9594442139145307
12,Thailand,1.2676383708853824
0,Tunisia,0.6687557478064641
1,Tunisia,0.34451930620080334
2,Tunisia,0.3914105499759697
3,Tunisia,0.29745717487043033
4,Tunisia,0.3249061400577153
5,Tunisia,0.35359752391606963
6,Tunisia,0.4068128138315875
7,Tunisia,0.5545403849168522
8,Tunisia,0.6805301145434468
9,Tunisia,0.7837892438611258
10,Tunisia,0.8952866527147165
11,Tunisia,1.077859725923028
12,Tunisia,0.9454625614752147
0,Türkiye,0.7501521360023014
1,Türkiye,0.5607521095037409
2,Türkiye,0.5269744519985273
3,Türkiye,0.5141837950549037
4,Türkiye,0.5681085877474665
5,Türkiye,0.5303727729883512
6,Türkiye,0.49199949952506117
7,Türkiye,0.5641001758410725
8,Türkiye,0.6583706543626904
9,Türkiye,0.7539253081134756
10,Türkiye,0.875922108629378
11,Türkiye,0.93273870790532
12,Türkiye,0.9229900999188148
0,Uganda,0.585591687863461
1,Uganda,0.41105479807086176
2,Uganda,0.5364865084556264
3,Uganda,0.39016933346269045
4,Uganda,0.3783680133418626
5,Uganda,0.3507472459555607
6,Uganda,0.2748199061651751
7,Uganda,0.42321874239456825
8,Uganda,0.4922845110805192
9,Uganda,0.486597080091181
10,Uganda,0.5633568276587388
11,Uganda,0.9172276886022812
12,Uganda,1.2489550212161096
0,Ukraine,0.7339235715896585
1,Ukraine,0.4631219173716494
2,Ukraine,0.48676512172486613
3,Ukraine,0.5110525279884396
4,Ukraine,0.5118991276697642
5,Ukraine,0.4951123307076568
6,Ukraine,0.6565796249567992
7,Ukraine,0.7550850400260793
8,Ukraine,0.7863964668486763
9,Ukraine,0.8066909745037912
10,Ukraine,0.9690513247212345
11,Ukraine,0.9641511271366937
12,Ukraine,0.9909690967964575
0,United Arab Emirates,0.951136330406893
1,United Arab Emirates,0.6716223601069181
2,United Arab Emirates,0.5783547081737906
3,United Arab Emirates,0.48217311100571125
4,United Arab Emirates,0.5433400942499906
5,United Arab Emirates,0.5962004712055717
6,United Arab Emirates,0.7740254144873008
7,United Arab Emirates,0.8446849642642091
8,United Arab Emirates,0.8861911833618517
9,United Arab Emirates,0.8902694469910841
10,United Arab Emirates,1.15023856513445
11,United Arab Emirates,1.1332935949873146
12,United Arab Emirates,1.159767928695887
0,United Kingdom,0.8586992009382746
1,United Kingdom,0.7334859142821397
2,United Kingdom,0.8518945814688723
3,United Kingdom,0.7738035858121539
4,United Kingdom,0.7595785901919219
5,United Kingdom,0.6513572726068324
6,United Kingdom,0.7361214690277202
7,United Kingdom,0.693968352692963
8,United Kingdom,0.6433233983334145
9,United Kingdom,0.9030356396583301
10,United Kingdom,0.9099004650714964
11,United Kingdom,0.9413862263622935
12,United Kingdom,0.9885403387901884
0,United States,0.8251938616710444
1,United States,0.5937736476886397
2,United States,0.5459836431634764
3,United States,0.5142389009561295
4,United States,0.4772261932261789
5,United States,0.4321209999341149
6,United States,0.4817467071860653
7,United States,0.5279727800861655
8,United States,0.6321518775771301
9,United States,0.7359959183072698
10,United States,0.9232097067497613
11,United States,1.033004419204732
12,United States,0.9355636119786173
0,Uruguay,0.6066315747011707
1,Uruguay,0.4408068070699245
2,Uruguay,0.37103046404630574
3,Uruguay,0.3339740635707576
4,Uruguay,0.34872471286695494
5,Uruguay,0.4827624780094415
6,Uruguay,0.5401803648111496
7,Uruguay,0.6647517704708539
8,Uruguay,0.6956066286570559
9,Uruguay,0.7457758505266998
10,Uruguay,0.817184716470467
11,Uruguay,0.8295609129812638
12,Uruguay,0.9318852266402896
0,Uzbekistan,0.7586240172118763
1,Uzbekistan,0.4069781026444307
2,Uzbekistan,0.44762910085870605
3,Uzbekistan,0.5053878669247404
4,Uzbekistan,0.45114523320196454
5,Uzbekistan,0.4875098860200353
6,Uzbekistan,0.4937994476829062
7,Uzbekistan,0.6372421672069623
8,Uzbekistan,0.6484346001699882
9,Uzbekistan,0.8074849040006536
10,Uzbekistan,0.8778873954116946
11,Uzbekistan,0.9565216297931595
12,Uzbekistan,0.9332784944535685
0,Vietnam,1.0620391264322677
1,Vietnam,0.5574656770295985
2,Vietnam,0.6478278131451044
3,Vietnam,0.5844193206566225
4,Vietnam,0.6098866200501595
5,Vietnam,0.5921560341507395
6,Vietnam,0.6181515007732645
7,Vietnam,0.6790559464131145
8,Vietnam,0.7281523549367511
9,Vietnam,0.8936533825307651
10,Vietnam,0.9431652111336307
11,Vietnam,0.9938217024919478
12,Vietnam,1.1786429784034183
0,Western Sahara,0.64207664082039
1,Western Sahara,0.29867478010136894
2,Western Sahara,0.27067361789635325
3,Western Sahara,0.2935717385885508
4,Western Sahara,0.24576054650450047
5,Western Sahara,0.2642256520900118
6,Western Sahara,0.3949554073525778
7,Western Sahara,0.5778911962358371
8,Western Sahara,0.6153327136320096
9,Western Sahara,0.7424198736230068
10,Western Sahara,1.0150667569999199
11,Western Sahara,1.0113681416836726
12,Western Sahara,0.9223338377606449
0,Yemen,0.6286818502515675
1,Yemen,0.2793989861433996
2,Yemen,0.2506262984197813
3,Yemen,0.23346716751276697
4,Yemen,0.28887269554249384
5,Yemen,0.30837970775574675
6,Yemen,0.5254792929108603
7,Yemen,0.598650589259794
8,Yemen,0.6761816703189416
9,Yemen,0.8538973496304709
10,Yemen,0.9558472762375188
11,Yemen,0.9342553331044375
12,Yemen,0.9885640656608063
0,Zambia,0.5177821113149428
1,Zambia,0.3565920499324999
2,Zambia,0.3380948349067132
3,Zambia,0.3540998313771691
4,Zambia,0.36755082412999357
5,Zambia,0.47825201657618643
6,Zambia,0.43387549397697406
7,Zambia,0.5886879716526211
8,Zambia,0.7953053876986915
9,Zambia,0.8245836193585542
10,Zambia,0.961337537958769
11,Zambia,0.9757536745573303
12,Zambia,1.1050695359481066
0,Zimbabwe,0.5075927603252924
1,Zimbabwe,0.24145656784929848
2,Zimbabwe,0.2620208629540794
3,Zimbabwe,0.2680513331461662
4,Zimbabwe,0.3467526940259527
5,Zimbabwe,0.36886572799884476
6,Zimbabwe,0.46980663476199097
7,Zimbabwe,0.6564218659570517
8,Zimbabwe,0.759695934492251
9,Zimbabwe,0.9683707011831597
10,Zimbabwe,0.9763147765232619
11,Zimbabwe,0.9193014979845168
12,Zimbabwe,1.07288469213159
0,Åland Islands,1.0540816168203468
1,Åland Islands,0.8719879951175566
2,Åland Islands,1.0167163570364977
3,Åland Islands,1.0647521489867289
4,Åland Islands,1.1033165840715053
5,Åland Islands,0.8887216647397468
6,Åland Islands,1.1363682722516728
7,Åland Islands,1.1042453322164425
8,Åland Islands,0.876929532971599
9,Åland Islands,1.2923250466697749
10,Åland Islands,1.217352481138521
11,Åland Islands,1.226678589637146
12,Åland Islands,1.2655128918798604
0,Armenia,1.0143338935538706
1,Armenia,0.6910490719768407
2,Armenia,0.4225358600647113
3,Armenia,0.5186519093891824
4,Armenia,0.5966320524346349
5,Armenia,0.48683997885033675
6,Armenia,0.4690544510251118
7,Armenia,0.5601254034401801
8,Armenia,0.6309634773057476
9,Armenia,0.6840578468971978
10,Armenia,0.7537416724826007
11,Armenia,0.9834536550378938
12,Armenia,0.9164018006382125
0,Bahrain,0.8946003906442994
1,Bahrain,0.8599088574973996
2,Bahrain,0.7273089846726583
3,Bahrain,0.6204744844114404
4,Bahrain,0.6836093621112674
5,Bahrain,0.7831015369960518
6,Bahrain,0.892583589154186
7,Bahrain,0.9808324688783361
8,Bahrain,0.9321391458652388
9,Bahrain,0.8886668517209193
10,Bahrain,1.245028829531413
11,Bahrain,1.1245683503137864
12,Bahrain,1.1116908878989327
0,Benin,1.0827348480867722
1,Benin,0.5758145891782466
2,Benin,0.4276342271139752
3,Benin,0.4196392772576916
4,Benin,0.6463816405474474
5,Benin,0.5539271125513197
6,Benin,0.6703116464332995
7,Benin,0.7708644464528321
8,Benin,0.9664181044102924
9,Benin,1.0955062329125411
10,Benin,1.3167025069197977
11,Benin,1.1873655590187309
12,Benin,0.9960879424497603
0,Botswana,0.5295540872908693
1,Botswana,0.28923300542934766
2,Botswana,0.2678162022106272
3,Botswana,0.27231183859659014
4,Botswana,0.3129966875115242
5,Botswana,0.34204633496060377
6,Botswana,0.37794037434486016
7,Botswana,0.5002721259268668
8,Botswana,0.6449561960780772
9,Botswana,0.7760320776913334
10,Botswana,0.9036769439099948
11,Botswana,0.908560655861071
12,Botswana,0.9635964552514126
0,Brunei Darussalam,1.1186344284092344
1,Brunei Darussalam,0.9563591315170978
2,Brunei Darussalam,0.6410659235399818
3,Brunei Darussalam,0.6246399492821165
4,Brunei Darussalam,0.6522990091596392
5,Brunei Darussalam,0.6735200598312597
6,Brunei Darussalam,0.789168939890086
7,Brunei Darussalam,0.7413880161359777
8,Brunei Darussalam,0.767757987847704
9,Brunei Darussalam,0.7988053113915864
10,Brunei Darussalam,0.8440511462733475
11,Brunei Darussalam,0.7463812189153348
12,Brunei Darussalam,1.040912269526681
0,Cambodia,0.9652842778765593
1,Cambodia,0.5085539286298588
2,Cambodia,0.5999424062355199
3,Cambodia,0.5322587446963881
4,Cambodia,0.508166414727709
5,Cambodia,0.5648446588605376
6,Cambodia,0.553979542630255
7,Cambodia,0.6397658634925689
8,Cambodia,0.7046307807612814
9,Cambodia,0.8788462032247325
10,Cambodia,0.8880799329091071
11,Cambodia,0.9682540324083083
12,Cambodia,1.1955346058926801
0,Congo,1.145444662205746
1,Congo,0.8574793639047119
2,Congo,0.6791342096671968
3,Congo,0.5659002938924483
4,Congo,0.5956246264741555
5,Congo,0.6163365448787433
6,Congo,0.6429910801043469
7,Congo,0.7875735302829543
8,Congo,1.021586336334005
9,Congo,1.1328159798342998
10,Congo,1.2272127290619705
11,Congo,1.1976291405279187
12,Congo,1.0612586757382296
0,Democratic Republic of the Congo,1.1004820314015162
1,Democratic Republic of the Congo,0.8103140068929365
2,Democratic Republic of the Congo,0.6757043769256307
3,Democratic Republic of the Congo,0.5567327788439117
4,Democratic Republic of the Congo,0.5751944384534504
5,Democratic Republic of the Congo,0.592373124264745
6,Democratic Republic of the Congo,0.6351120735895106
7,Democratic Republic of the Congo,0.7619937747411167
8,Democratic Republic of the Congo,1.002867617957496
9,Democratic Republic of the Congo,1.1080095370657124
10,Democratic Republic of the Congo,1.2278805721519281
11,Democratic Republic of the Congo,1.1868696254878148
12,Democratic Republic of the Congo,1.0675157943191356
0,Cote d'Ivoire,1.0622900865317497
1,Cote d'Ivoire,0.6530348041149834
2,Cote d'Ivoire,0.3915171783067439
3,Cote d'Ivoire,0.3991411125448149
4,Cote d'Ivoire,0.6045803924494512
5,Cote d'Ivoire,0.5917924509807091
6,Cote d'Ivoire,0.7886959981581387
7,Cote d'Ivoire,0.9113540603671152
8,Cote d'Ivoire,1.0824545209255796
9,Cote d'Ivoire,1.2208232347318033
10,Cote d'Ivoire,1.2837155631027164
11,Cote d'Ivoire,1.187111534724441
12,Cote d'Ivoire,1.0561300487619338
0,Eritrea,0.6535146593844225
1,Eritrea,0.32283848725579073
2,Eritrea,0.3235373347479748
3,Eritrea,0.3014771115662064
4,Eritrea,0.3299490068358044
5,Eritrea,0.3478234343542154
6,Eritrea,0.4159777063047485
7,Eritrea,0.5264649566270206
8,Eritrea,0.7227237676257019
9,Eritrea,0.8043156332193231
10,Eritrea,0.9283736500822002
11,Eritrea,1.0368157442736003
12,Eritrea,1.0058347162094534
0,Gabon,1.1676464011441432
1,Gabon,0.8968796402584928
2,Gabon,0.5598994129660542
3,Gabon,0.5771218322152721
4,Gabon,0.5841934344705036
5,Gabon,0.6742089401744794
6,Gabon,0.8415429841600712
7,Gabon,0.9598670966450651
8,Gabon,1.3608084315239815
9,Gabon,1.408649783730609
10,Gabon,1.6725692681750206
11,Gabon,1.4885507415852202
12,Gabon,1.3769311561091964
0,Haiti,0.7599383177598473
1,Haiti,0.20918768655043443
2,Haiti,0.20773379710075393
3,Haiti,0.1915580675387599
4,Haiti,0.20026808821931658
5,Haiti,0.24017522826441565
6,Haiti,0.29110115749437304
7,Haiti,0.46362055054146156
8,Haiti,0.551085255443343
9,Haiti,0.9386098457325041
10,Haiti,0.9354247996222081
11,Haiti,1.0615979633354216
12,Haiti,1.0914476645872118
0,Iceland,1.0380598907664562
1,Iceland,0.9609846694026768
2,Iceland,0.897738814956105
3,Iceland,0.9720024306713473
4,Iceland,0.8163498498559137
5,Iceland,0.9060178000703065
6,Iceland,0.8915301560035115
7,Iceland,0.8826178183840105
8,Iceland,0.7947069384264098
9,Iceland,0.9182010978728967
10,Iceland,0.8784835616944181
11,Iceland,0.9540894728398424
12,Iceland,1.0353554571068433
0,North Korea,0.9348310945312557
1,North Korea,0.7036242456381951
2,North Korea,0.5611292674193231
3,North Korea,0.3319674964056945
4,North Korea,0.2967979232253309
5,North Korea,0.4119403790053687
6,North Korea,0.34253221096085684
7,North Korea,0.39863259072107676
8,North Korea,0.4679984991272181
9,North Korea,0.6436099403372753
10,North Korea,0.7034941638393611
11,North Korea,0.8086515661172738
12,North Korea,0.9109747196799594
0,Lybia,0.9076484568621322
1,Lybia,0.5470413326151847
2,Lybia,0.31169765894280527
3,Lybia,0.39275490799973384
4,Lybia,0.4867751459793899
5,Lybia,0.5489638674856916
6,Lybia,0.648552340999517
7,Lybia,0.7152279645649985
8,Lybia,0.8509370982173341
9,Lybia,1.1935972571914513
10,Lybia,1.274606268654666
11,Lybia,1.066125225128646
12,Lybia,0.9208784711797546
0,Malaysia,1.2576999450491182
1,Malaysia,1.014099318529781
2,Malaysia,0.789592639992496
3,Malaysia,0.6704391518265507
4,Malaysia,0.7223161013352795
5,Malaysia,0.671297894787251
6,Malaysia,0.7666226096669824
7,Malaysia,0.6965205365132209
8,Malaysia,0.7833916789802914
9,Malaysia,0.8643632433547532
10,Malaysia,0.9283016609670732
11,Malaysia,0.8948849655783453
12,Malaysia,1.116429695238145
0,Malta,0.6951373721931492
1,Malta,0.2495111243798906
2,Malta,0.16961093031586824
3,Malta,0.15465315105839433
4,Malta,0.19953411694734138
5,Malta,0.17914341394927621
6,Malta,0.16827816029094522
7,Malta,0.33455783686625634
8,Malta,0.4097793722336871
9,Malta,0.5917168698044473
10,Malta,0.8586615342517234
11,Malta,0.9374838785443259
12,Malta,0.8601439998599585
0,Moldova,0.7118342957486092
1,Moldova,0.5530736643193053
2,Moldova,0.5684023850280093
3,Moldova,0.5556517034181037
4,Moldova,0.4419898574008534
5,Moldova,0.42427175128121564
6,Moldova,0.4548694236425367
7,Moldova,0.5826460038186063
8,Moldova,0.7024115616380866
9,Moldova,0.7120012873213856
10,Moldova,0.8527180109475223
11,Moldova,0.98786932373642
12,Moldova,0.9676101625101101
0,Nepal,0.83754513859537
1,Nepal,0.589024023900869
2,Nepal,0.5269170495329588
3,Nepal,0.5580726275663265
4,Nepal,0.6304262381823698
5,Nepal,0.7204997130930196
6,Nepal,0.7582787921602212
7,Nepal,0.788677919335745
8,Nepal,0.8660035573677473
9,Nepal,0.8429921720055814
10,Nepal,0.944221559628122
11,Nepal,1.0032251478922676
12,Nepal,0.9795946567815355
0,Paraguay,0.4688755875647497
1,Paraguay,0.40545322776116904
2,Paraguay,0.36139021811079597
3,Paraguay,0.3519573109427839
4,Paraguay,0.4244450030683697
5,Paraguay,0.5245278103260045
6,Paraguay,0.5794791912965864
7,Paraguay,0.841537608963837
8,Paraguay,0.8325283164945658
9,Paraguay,0.9928598006680585
10,Paraguay,0.9567694462947485
11,Paraguay,0.956340514556844
12,Paraguay,0.8129121816740621
0,Qatar,0.9769536490626821
1,Qatar,0.5322037825202478
2,Qatar,0.5387763016926181
3,Qatar,0.4024655068023836
4,Qatar,0.44556635863471006
5,Qatar,0.46733172549470625
6,Qatar,0.6422788909284597
7,Qatar,0.729309295057806
8,Qatar,0.8483232238988421
9,Qatar,0.7868486536894332
10,Qatar,1.0338280880136004
11,Qatar,1.0219820887763846
12,Qatar,1.2215612937861824
0,Syria,0.7958419833865669
1,Syria,0.645526758084685
2,Syria,0.5492185436115286
3,Syria,0.5350574767966259
4,Syria,0.45890346597718096
5,Syria,0.4141898258560686
6,Syria,0.5370437013758342
7,Syria,0.7059132265458906
8,Syria,0.7708379820663106
9,Syria,0.7681826318594803
10,Syria,0.9121585376549866
11,Syria,0.9874233013804402
12,Syria,0.9990864022716236
0,Tajikistan,1.3860633411360823
1,Tajikistan,1.2336106684194212
2,Tajikistan,1.3910486208532333
3,Tajikistan,1.1586419780184931
4,Tajikistan,0.889061275356867
5,Tajikistan,0.7699575283552265
6,Tajikistan,0.7539892211029605
7,Tajikistan,0.677322461133514
8,Tajikistan,0.5605251790974146
9,Tajikistan,0.6458065989733623
10,Tajikistan,0.7031643718290322
11,Tajikistan,0.7712588567744816
12,Tajikistan,0.8718263164294713
0,"Tanazania, United Republic",0.6826169753210892
1,"Tanazania, United Republic",0.41542808085610633
2,"Tanazania, United Republic",0.43885851140980936
3,"Tanazania, United Republic",0.44903477004835407
4,"Tanazania, United Republic",0.4627981328281244
5,"Tanazania, United Republic",0.47146553242653816
6,"Tanazania, United Republic",0.5015136624138784
7,"Tanazania, United Republic",0.5136448911595669
8,"Tanazania, United Republic",0.6320160711533095
9,"Tanazania, United Republic",0.7364182904472969
10,"Tanazania, United Republic",0.8678153134278461
11,"Tanazania, United Republic",0.9633937237053293
12,"Tanazania, United Republic",1.0671480617024485
0,Togo,1.0850500702633832
1,Togo,0.5907123043940548
2,Togo,0.4030842897784726
3,Togo,0.43858550951346914
4,Togo,0.6841169405603319
5,Togo,0.5985160748606158
6,Togo,0.7416664887008402
7,Togo,0.8373174522511686
8,Togo,1.0299603782933882
9,Togo,1.1707298449820813
10,Togo,1.357702811836187
11,Togo,1.2326704103161013
12,Togo,1.0066425691345586
0,Trinidad and Tobago,0.5519832722534714
1,Trinidad and Tobago,0.11447611813716897
2,Trinidad and Tobago,0.10056436624562408
3,Trinidad and Tobago,0.09503239616665775
4,Trinidad and Tobago,0.13993610840256537
5,Trinidad and Tobago,0.16259983069843337
6,Trinidad and Tobago,0.2222441709231875
7,Trinidad and Tobago,0.28820659080208644
8,Trinidad and Tobago,0.5275046882838073
9,Trinidad and Tobago,0.6343300199654537
10,Trinidad and Tobago,0.8638174174758315
11,Trinidad and Tobago,1.0042871426525815
12,Trinidad and Tobago,0.9595262759931877
0,Turkmenistan,0.7020366928957249
1,Turkmenistan,0.4837427356944809
2,Turkmenistan,0.5956735865923054
3,Turkmenistan,0.5943601538603625
4,Turkmenistan,0.5197299236664733
5,Turkmenistan,0.5854665615643924
6,Turkmenistan,0.5943161296679812
7,Turkmenistan,0.7244025845211779
8,Turkmenistan,0.6892515742506427
9,Turkmenistan,0.8369036703472382
10,Turkmenistan,0.8452457134859352
11,Turkmenistan,0.9378928468601901
12,Turkmenistan,0.9491691241675669
0,Venezuela,0.6638091885482716
1,Venezuela,0.23329029552158884
2,Venezuela,0.23670054202435892
3,Venezuela,0.24140462538899735
4,Venezuela,0.2717146667816152
5,Venezuela,0.3026854376632306
6,Venezuela,0.33918993002720654
7,Venezuela,0.3750449602767307
8,Venezuela,0.5815372580995624
9,Venezuela,0.6650331595819451
10,Venezuela,0.878400382367798
11,Venezuela,0.9711774045541948
12,Venezuela,1.0155755550434014
0,Papua New Guinea,0.5481539624563725
1,Papua New Guinea,0.4759269601900857
2,Papua New Guinea,0.34140858796059786
3,Papua New Guinea,0.3887986409355571
4,Papua New Guinea,0.5738244454169467
5,Papua New Guinea,0.7237305848361346
6,Papua New Guinea,0.6994121008361194
7,Papua New Guinea,0.8424728036562208
8,Papua New Guinea,0.7732309777286175
9,Papua New Guinea,0.911272347503886
10,Papua New Guinea,0.9348859820077687
11,Papua New Guinea,0.8313995558068201
12,Papua New Guinea,0.8809126928371034
0,Somalia,0.6083758811799401
1,Somalia,0.5067366288803348
2,Somalia,0.5198131405837277
3,Somalia,0.44342735677599826
4,Somalia,0.5332589461757148
5,Somalia,0.4938257547547095
6,Somalia,0.478327712660322
7,Somalia,0.5071335694770301
8,Somalia,0.7450679283194713
9,Somalia,0.8141529760144394
10,Somalia,1.0485046422568962
11,Somalia,1.1805793159302251
12,Somalia,1.0063570449360844
0,Central African Republic,1.3005488045934026
1,Central African Republic,0.7880698348895881
2,Central African Republic,0.5958165406397158
3,Central African Republic,0.6239317194954664
4,Central African Republic,0.713370653599543
5,Central African Republic,0.6880741511815041
6,Central African Republic,0.6765093607555441
7,Central African Republic,0.8527571326514221
8,Central African Republic,1.041359261622359
9,Central African Republic,1.1356391680006124
10,Central African Republic,1.4379273041636957
11,Central African Republic,1.273958002774388
12,Central African Republic,1.0684393784287713
0,Suriname,0.6560881053167308
1,Suriname,0.283097781057017
2,Suriname,0.26754715733229045
3,Suriname,0.30513063725539125
4,Suriname,0.33333512578280666
5,Suriname,0.4266381704117196
6,Suriname,0.496484568506872
7,Suriname,0.5597809477098866
8,Suriname,0.7808664422221951
9,Suriname,0.9548181750692736
10,Suriname,1.0116523254918586
11,Suriname,1.037818735534084
12,Suriname,1.0773861540764997
0,The Gambia,1.064792636012345
1,The Gambia,0.4215541553934059
2,The Gambia,0.22305605821922223
3,The Gambia,0.1936291796758987
4,The Gambia,0.36820103219734757
5,The Gambia,0.42482052298325623
6,The Gambia,0.5594825776399057
7,The Gambia,0.7217778948974457
8,The Gambia,0.8635431795540365
9,The Gambia,0.873532285329824
10,The Gambia,1.0256321934039723
11,The Gambia,0.8669036666698259
12,The Gambia,1.0421681989255724
0,Guinea-Bissau,0.9056520787525008
1,Guinea-Bissau,0.4597994474014996
2,Guinea-Bissau,0.24568948988994488
3,Guinea-Bissau,0.230606007574513
4,Guinea-Bissau,0.44440942994787486
5,Guinea-Bissau,0.5432804221119927
6,Guinea-Bissau,0.6031752600417686
7,Guinea-Bissau,0.8306988657962688
8,Guinea-Bissau,0.9422896913065072
9,Guinea-Bissau,1.0300350390020767
10,Guinea-Bissau,1.1069104025939152
11,Guinea-Bissau,0.9310175745968285
12,Guinea-Bissau,1.117198198993435
0,Guinea,0.9468277377602433
1,Guinea,0.5418587547326075
2,Guinea,0.2968575734503843
3,Guinea,0.3196026482573293
4,Guinea,0.4862669911700234
5,Guinea,0.5694675252701913
6,Guinea,0.691475150374874
7,Guinea,0.8316434457611512
8,Guinea,0.9381999089579017
9,Guinea,1.0912044733962776
10,Guinea,1.1413196409424642
11,Guinea,1.0679725939734188
12,Guinea,1.079394767126702
0,Liberia,0.9903925448110822
1,Liberia,0.6478555006435649
2,Liberia,0.38672117125223515
3,Liberia,0.3721273777502041
4,Liberia,0.487361189311404
5,Liberia,0.6122960488957916
6,Liberia,0.6349232371541109
7,Liberia,0.7532192958478097
8,Liberia,0.9546058833246469
9,Liberia,1.0574948284395322
10,Liberia,1.1094176438651655
11,Liberia,1.1351227376915207
12,Liberia,1.1152748393046483
0,Sierra Leone,0.8988398155600947
1,Sierra Leone,0.5536526963593567
2,Sierra Leone,0.3140353977564698
3,Sierra Leone,0.36114766990147396
4,Sierra Leone,0.4677289909661666
5,Sierra Leone,0.626872059774877
6,Sierra Leone,0.6455455418586094
7,Sierra Leone,0.7740969585619796
8,Sierra Leone,0.9188220336606495
9,Sierra Leone,1.0671108754606242
10,Sierra Leone,1.1005079561447368
11,Sierra Leone,1.1181046597542528
12,Sierra Leone,1.108835037457593
0,Burkina Faso,0.8122878767566059
1,Burkina Faso,0.3740617407787863
2,Burkina Faso,0.3073656208002868
3,Burkina Faso,0.28360681418518396
4,Burkina Faso,0.46271547637423804
5,Burkina Faso,0.40892080680684517
6,Burkina Faso,0.6295654938100922
7,Burkina Faso,0.6759073861642213
8,Burkina Faso,0.7757083786553814
9,Burkina Faso,0.9028138384696198
10,Burkina Faso,1.1556459185090364
11,Burkina Faso,0.9859695081808394
12,Burkina Faso,0.9429938325979927
0,Burundi,0.800769469710089
1,Burundi,0.5292575647181997
2,Burundi,0.5753719783080364
3,Burundi,0.4170197510108429
4,Burundi,0.48000357049245884
5,Burundi,0.41234435127337005
6,Burundi,0.3216943968725296
7,Burundi,0.37011258014955645
8,Burundi,0.4158858604439561
9,Burundi,0.4648419759134029
10,Burundi,0.6355608851845853
11,Burundi,0.8459139905889481
12,Burundi,0.9990467510354896
0,Lesotho,0.6621094936665389
1,Lesotho,0.4656823908391346
2,Lesotho,0.283087202127803
3,Lesotho,0.27148014215314037
4,Lesotho,0.2703721749470156
5,Lesotho,0.2959053403057188
6,Lesotho,0.3788761682473257
7,Lesotho,0.4939902287474483
8,Lesotho,0.6486665392734059
9,Lesotho,0.8022746318427505
10,Lesotho,0.9219970602142741
11,Lesotho,0.9579508825678613
12,Lesotho,0.9649387442838829
0,Swaziland,0.7359743133903632
1,Swaziland,0.4307508139187189
2,Swaziland,0.3419181864891648
3,Swaziland,0.34587357779044586
4,Swaziland,0.34359794113608466
5,Swaziland,0.41781990425450855
6,Swaziland,0.49979991951357106
7,Swaziland,0.6764315006307485
8,Swaziland,0.7820746348217459
9,Swaziland,0.9771787926046447
10,Swaziland,1.004070705788875
11,Swaziland,1.030158250759009
12,Swaziland,1.006713398910521
0,Afghanistan,0.8464533959759992
1,Afghanistan,0.2541331984114943
2,Afghanistan,0.27512210462189385
3,Afghanistan,0.23457330476515853
4,Afghanistan,0.2924503984845695
5,Afghanistan,0.3639985175902762
6,Afghanistan,0.5140396396178928
7,Afghanistan,0.6243176714957659
8,Afghanistan,0.8152621791314865
9,Afghanistan,0.8678675621118195
10,Afghanistan,1.1312153639402245
11,Afghanistan,1.0218296211475164
12,Afghanistan,0.9503862853128247
0,South Sudan,1.2419520126139227
1,South Sudan,0.7582168733025723
2,South Sudan,0.7376000583208222
3,South Sudan,0.7235666637447793
4,South Sudan,0.7757650442102955
5,South Sudan,0.6924230024733645
6,South Sudan,0.6222521038241514
7,South Sudan,0.8882501831689248
8,South Sudan,0.9007861805735058
9,South Sudan,0.9689447294417723
10,South Sudan,1.2268215656140515
11,South Sudan,1.3403648215465065
12,South Sudan,1.149609331105724
0,Rwanda,0.8913266110104697
1,Rwanda,0.5228307057556532
2,Rwanda,0.5028265816661986
3,Rwanda,0.35674587978737216
4,Rwanda,0.4430936815335277
5,Rwanda,0.3848212314074523
6,Rwanda,0.2829071301938598
7,Rwanda,0.3341004045189393
8,Rwanda,0.3238342742222957
9,Rwanda,0.3825929389604715
10,Rwanda,0.6086477835783182
11,Rwanda,0.8457650171911537
12,Rwanda,0.9634270558221026
